,year,time
count,62.0,62.0
mean,1952.145161,59.92419399999999
std,29.472881,9.916588
